model,mae,w_mae
price_weighted,21.190978070141586,21.51515293114265
baseline,22.221993706829476,23.226346418965647
